{"cameraMode":{"drawMode":0,"name":"Shaded","section":"Shading Mode"},"sceneLighting":true,"audioPlay":false,"sceneViewState":{"m_AlwaysRefresh":false,"showFog":true,"showSkybox":true,"showFlares":true,"showImageEffects":true,"showParticleSystems":true,"showVisualEffectGraphs":true,"m_FxEnabled":true},"in2DMode":false,"pivot":{"x":0.06926155090332031,"y":0.49256229400634768,"z":8.368291854858399},"rotation":{"x":-0.1683638095855713,"y":-0.023653045296669008,"z":0.004040229599922895,"w":-0.9854439496994019},"size":14.765161514282227,"orthographic":false}